Ticker,Reason,When
AYR,'currentTradingPeriod',2025-08-08 14:19:54
EMIS,Too Many Requests. Rate limited. Try after a while.,2025-08-08 14:22:23
FUSE,Too Many Requests. Rate limited. Try after a while.,2025-08-08 14:22:35
LWAC,Too Many Requests. Rate limited. Try after a while.,2025-08-08 14:22:55
BPAC,Too Many Requests. Rate limited. Try after a while.,2025-08-08 14:23:20
HCMA,Too Many Requests. Rate limited. Try after a while.,2025-08-08 14:24:12
SDSYA,Too Many Requests. Rate limited. Try after a while.,2025-08-08 14:24:14
TWLV,Too Many Requests. Rate limited. Try after a while.,2025-08-08 14:25:16
IGAC,Too Many Requests. Rate limited. Try after a while.,2025-08-08 14:25:28
APAC,Too Many Requests. Rate limited. Try after a while.,2025-08-08 14:25:44
BTTC,Too Many Requests. Rate limited. Try after a while.,2025-08-08 14:27:01
GRHI,"Failed to perform, curl: (28) Operation timed out after 30016 milliseconds with 0 bytes received. See https://curl.se/libcurl/c/libcurl-errors.html first for more details.",2025-08-08 14:28:37
PAPA,Too Many Requests. Rate limited. Try after a while.,2025-08-08 14:29:46
BRBI,Too Many Requests. Rate limited. Try after a while.,2025-08-08 14:30:05
PAII,Too Many Requests. Rate limited. Try after a while.,2025-08-08 14:30:05
FCHL,Too Many Requests. Rate limited. Try after a while.,2025-08-08 14:30:05
SONG,Too Many Requests. Rate limited. Try after a while.,2025-08-08 14:30:08
ELFTY,Too Many Requests. Rate limited. Try after a while.,2025-08-08 14:30:13
FSTGY,Too Many Requests. Rate limited. Try after a while.,2025-08-08 14:30:15
APAD,No price data,2025-08-08 14:30:15
JXAMY,Too Many Requests. Rate limited. Try after a while.,2025-08-08 14:30:15
MECPF,Too Many Requests. Rate limited. Try after a while.,2025-08-08 14:30:20
GTSG,No price data,2025-08-08 14:30:24
BLSH,No price data,2025-08-08 14:30:26
POM,No price data,2025-08-08 14:30:27
YDES,Too Many Requests. Rate limited. Try after a while.,2025-08-08 14:30:34
BIREY,Too Many Requests. Rate limited. Try after a while.,2025-08-08 14:30:35
MSTKY,Too Many Requests. Rate limited. Try after a while.,2025-08-08 14:30:37
DXG,Too Many Requests. Rate limited. Try after a while.,2025-08-08 14:30:39
MDDTY,Too Many Requests. Rate limited. Try after a while.,2025-08-08 14:30:40
KTH,Too Many Requests. Rate limited. Try after a while.,2025-08-08 14:30:44
PMI,No price data,2025-08-08 14:30:44
CRAC,Too Many Requests. Rate limited. Try after a while.,2025-08-08 14:30:47
ACCL,No price data,2025-08-08 14:30:48
SSEA,Too Many Requests. Rate limited. Try after a while.,2025-08-08 14:30:49
THH,No price data,2025-08-08 14:30:53
SMPHY,Too Many Requests. Rate limited. Try after a while.,2025-08-08 14:30:53
DLHZ,Too Many Requests. Rate limited. Try after a while.,2025-08-08 14:30:55
INNP,Too Many Requests. Rate limited. Try after a while.,2025-08-08 14:30:57
YMT,No price data,2025-08-08 14:30:57
HMH,Too Many Requests. Rate limited. Try after a while.,2025-08-08 14:31:02
CETH,Too Many Requests. Rate limited. Try after a while.,2025-08-08 14:31:04
WODO,Too Many Requests. Rate limited. Try after a while.,2025-08-08 14:31:04
SGIHY,Too Many Requests. Rate limited. Try after a while.,2025-08-08 14:31:05
POAS,'currentTradingPeriod',2025-08-08 14:31:07
VTEK,No price data,2025-08-08 14:31:10
SAPUY,Too Many Requests. Rate limited. Try after a while.,2025-08-08 14:31:12
KTN,Too Many Requests. Rate limited. Try after a while.,2025-08-08 14:31:13
RPMI,Too Many Requests. Rate limited. Try after a while.,2025-08-08 14:31:13
TPZEY,'currentTradingPeriod',2025-08-08 14:31:16
MPJS,Too Many Requests. Rate limited. Try after a while.,2025-08-08 14:31:19
CEPF,Too Many Requests. Rate limited. Try after a while.,2025-08-08 14:31:19
SKNGY,Too Many Requests. Rate limited. Try after a while.,2025-08-08 14:31:22
GSRF,Too Many Requests. Rate limited. Try after a while.,2025-08-08 14:31:23
HWEP,Too Many Requests. Rate limited. Try after a while.,2025-08-08 14:31:26
MGNO,Too Many Requests. Rate limited. Try after a while.,2025-08-08 14:31:28
CHSCP,Too Many Requests. Rate limited. Try after a while.,2025-08-08 14:31:31
HZEN,Too Many Requests. Rate limited. Try after a while.,2025-08-08 14:31:31
FXB,Too Many Requests. Rate limited. Try after a while.,2025-08-08 14:31:32
TMGX,Too Many Requests. Rate limited. Try after a while.,2025-08-08 14:31:34
TCGL,Too Many Requests. Rate limited. Try after a while.,2025-08-08 14:31:35
LRVIY,Too Many Requests. Rate limited. Try after a while.,2025-08-08 14:31:38
GLSA,'currentTradingPeriod',2025-08-08 14:31:39
TVCN,No price data,2025-08-08 14:31:39
KKSIY,Too Many Requests. Rate limited. Try after a while.,2025-08-08 14:31:41
GGTKY,'currentTradingPeriod',2025-08-08 14:31:44
AEBMY,Too Many Requests. Rate limited. Try after a while.,2025-08-08 14:31:47
CAEA,Too Many Requests. Rate limited. Try after a while.,2025-08-08 14:31:48
CHEC,Too Many Requests. Rate limited. Try after a while.,2025-08-08 14:31:49
FIGX,'currentTradingPeriod',2025-08-08 14:31:50
YGSHY,'currentTradingPeriod',2025-08-08 14:31:52
INKS,No price data,2025-08-08 14:31:57
BTAB,Too Many Requests. Rate limited. Try after a while.,2025-08-08 14:31:58
TMTNY,'currentTradingPeriod',2025-08-08 14:32:00
SLGB,Too Many Requests. Rate limited. Try after a while.,2025-08-08 14:32:00
HZRBY,Too Many Requests. Rate limited. Try after a while.,2025-08-08 14:32:01
CRGT,Too Many Requests. Rate limited. Try after a while.,2025-08-08 14:32:08
MLCI,Too Many Requests. Rate limited. Try after a while.,2025-08-08 14:32:09
BXRLY,'currentTradingPeriod',2025-08-08 14:32:09
CCII,Too Many Requests. Rate limited. Try after a while.,2025-08-08 14:32:10
BMOK,'currentTradingPeriod',2025-08-08 14:32:10
NMP,No price data,2025-08-08 14:32:18
PACH,'currentTradingPeriod',2025-08-08 14:32:18
NHFLF,No price data,2025-08-08 14:32:19
HIFI,'currentTradingPeriod',2025-08-08 14:32:20
RCWBY,'currentTradingPeriod',2025-08-08 14:32:21
BLZR,Too Many Requests. Rate limited. Try after a while.,2025-08-08 14:32:25
VNME,'currentTradingPeriod',2025-08-08 14:32:29
NSNFY,Too Many Requests. Rate limited. Try after a while.,2025-08-08 14:32:29
PKIUY,Too Many Requests. Rate limited. Try after a while.,2025-08-08 14:32:31
SCBXY,'currentTradingPeriod',2025-08-08 14:32:31
NWCYY,'currentTradingPeriod',2025-08-08 14:32:34
AGCC,No price data,2025-08-08 14:32:38
KYTFY,'currentTradingPeriod',2025-08-08 14:32:40
NKLR,Too Many Requests. Rate limited. Try after a while.,2025-08-08 14:32:42
GBNXY,Too Many Requests. Rate limited. Try after a while.,2025-08-08 14:32:42
MIAX,Too Many Requests. Rate limited. Try after a while.,2025-08-08 14:32:43
SMIP,No price data,2025-08-08 14:32:47
CPXXY,'currentTradingPeriod',2025-08-08 14:32:48
FGO,No price data,2025-08-08 14:32:49
SIBO,Too Many Requests. Rate limited. Try after a while.,2025-08-08 14:32:49
TGHL,Too Many Requests. Rate limited. Try after a while.,2025-08-08 14:32:55
TCLXY,'currentTradingPeriod',2025-08-08 14:32:58
CCEYF,'currentTradingPeriod',2025-08-08 14:32:58
OMNI,No price data,2025-08-08 14:32:58
KMYGY,Too Many Requests. Rate limited. Try after a while.,2025-08-08 14:33:00
SNROY,Too Many Requests. Rate limited. Try after a while.,2025-08-08 14:33:04
KGF,No price data,2025-08-08 14:33:05
TMRD,Too Many Requests. Rate limited. Try after a while.,2025-08-08 14:33:07
SYNSY,Too Many Requests. Rate limited. Try after a while.,2025-08-08 14:33:07
PRDIY,Too Many Requests. Rate limited. Try after a while.,2025-08-08 14:33:11
ONCH,'currentTradingPeriod',2025-08-08 14:33:15
ALEH,Too Many Requests. Rate limited. Try after a while.,2025-08-08 14:33:15
PRGY,No price data,2025-08-08 14:33:19
LVDW,Too Many Requests. Rate limited. Try after a while.,2025-08-08 14:33:19
FSSL,Too Many Requests. Rate limited. Try after a while.,2025-08-08 14:33:25
PGIM,Too Many Requests. Rate limited. Try after a while.,2025-08-08 14:33:27
HNPHY,Too Many Requests. Rate limited. Try after a while.,2025-08-08 14:33:31
FFFZ,Too Many Requests. Rate limited. Try after a while.,2025-08-08 14:33:32
SOCA,Too Many Requests. Rate limited. Try after a while.,2025-08-08 14:33:34
ODRS,'currentTradingPeriod',2025-08-08 14:33:34
HVMC,'currentTradingPeriod',2025-08-08 14:33:41
MBVI,'currentTradingPeriod',2025-08-08 14:33:43
ORIQ,'currentTradingPeriod',2025-08-08 14:33:43
WDSP,No price data,2025-08-08 14:33:46
WSTN,'currentTradingPeriod',2025-08-08 14:33:53
ESHAU,'currentTradingPeriod',2025-08-08 14:33:53
EVOX,'currentTradingPeriod',2025-08-08 14:33:54
OBA,No price data,2025-08-08 14:33:56
AIDG,'currentTradingPeriod',2025-08-08 14:33:58
BCAR,No price data,2025-08-08 14:34:02
AGRZ,'currentTradingPeriod',2025-08-08 14:34:05
MFB,No price data,2025-08-08 14:34:06
DMII,'currentTradingPeriod',2025-08-08 14:34:08
BYLT,'currentTradingPeriod',2025-08-08 14:34:13
SPGNY,'currentTradingPeriod',2025-08-08 14:34:14
ASBHY,'currentTradingPeriod',2025-08-08 14:34:16
MKLY,'currentTradingPeriod',2025-08-08 14:34:16
RYOJ,'currentTradingPeriod',2025-08-08 14:34:20
QSOL,'currentTradingPeriod',2025-08-08 14:34:22
DNCLY,'currentTradingPeriod',2025-08-08 14:34:24
AVG,No price data,2025-08-08 14:34:27
EDVLY,'currentTradingPeriod',2025-08-08 14:34:28
SCTAY,'currentTradingPeriod',2025-08-08 14:34:29
SMFSY,'currentTradingPeriod',2025-08-08 14:34:31
UIGC,'currentTradingPeriod',2025-08-08 14:34:34
PLTS,No price data,2025-08-08 14:34:36
ASKRY,'currentTradingPeriod',2025-08-08 14:34:36
ETS,No price data,2025-08-08 14:34:37
YMXK,'currentTradingPeriod',2025-08-08 14:34:39
CAST,No price data,2025-08-08 14:34:44
PMHMY,'currentTradingPeriod',2025-08-08 14:34:44
RECCY,'currentTradingPeriod',2025-08-08 14:34:45
VSGRY,'currentTradingPeriod',2025-08-08 14:34:47
PDYTY,'currentTradingPeriod',2025-08-08 14:34:49
NHLTY,'currentTradingPeriod',2025-08-08 14:34:54
DSRNY,'currentTradingPeriod',2025-08-08 14:34:56
GINT,'currentTradingPeriod',2025-08-08 14:34:57
MCTA,'currentTradingPeriod',2025-08-08 14:35:00
NSRX,'currentTradingPeriod',2025-08-08 14:35:00
MREGY,'currentTradingPeriod',2025-08-08 14:35:03
PAEXY,'currentTradingPeriod',2025-08-08 14:35:07
TMKVY,'currentTradingPeriod',2025-08-08 14:35:09
CZTI,'currentTradingPeriod',2025-08-08 14:35:10
PCPGY,'currentTradingPeriod',2025-08-08 14:35:10
FNIGY,'currentTradingPeriod',2025-08-08 14:35:14
JHPCY,'currentTradingPeriod',2025-08-08 14:35:16
AVGPF,'currentTradingPeriod',2025-08-08 14:35:17
SCSXY,'currentTradingPeriod',2025-08-08 14:35:17
CADV,No price data,2025-08-08 14:35:19
LHI,No price data,2025-08-08 14:35:23
MROSY,'currentTradingPeriod',2025-08-08 14:35:24
LSHGY,'currentTradingPeriod',2025-08-08 14:35:26
CLBZ,'currentTradingPeriod',2025-08-08 14:35:28
IDPEY,'currentTradingPeriod',2025-08-08 14:35:29
TKCYY,'currentTradingPeriod',2025-08-08 14:35:34
NPIXY,'currentTradingPeriod',2025-08-08 14:35:35
PRSKY,'currentTradingPeriod',2025-08-08 14:35:35
STJNY,'currentTradingPeriod',2025-08-08 14:35:38
KYIV,'currentTradingPeriod',2025-08-08 14:35:39
DCR,No price data,2025-08-08 14:35:43
ZDAN,'currentTradingPeriod',2025-08-08 14:35:43
MSMU,'currentTradingPeriod',2025-08-08 14:35:46
GVSE,'currentTradingPeriod',2025-08-08 14:35:46
KBAT,'currentTradingPeriod',2025-08-08 14:35:47
YDDL,'currentTradingPeriod',2025-08-08 14:35:51
VRXA,'currentTradingPeriod',2025-08-08 14:35:53
TRMOY,'currentTradingPeriod',2025-08-08 14:35:55
ELVR,'currentTradingPeriod',2025-08-08 14:35:57
GRCPY,'currentTradingPeriod',2025-08-08 14:35:58
YLY,No price data,2025-08-08 14:36:00
SPEG,'currentTradingPeriod',2025-08-08 14:36:01
KXIAY,'currentTradingPeriod',2025-08-08 14:36:04
TREO,'currentTradingPeriod',2025-08-08 14:36:06
METRY,'currentTradingPeriod',2025-08-08 14:36:08
IPSAY,'currentTradingPeriod',2025-08-08 14:36:09
THCLY,'currentTradingPeriod',2025-08-08 14:36:12
ARSTY,'currentTradingPeriod',2025-08-08 14:36:12
IRHO,'currentTradingPeriod',2025-08-08 14:36:15
CSCCY,'currentTradingPeriod',2025-08-08 14:36:18
JTGEY,'currentTradingPeriod',2025-08-08 14:36:19
BONS,No price data,2025-08-08 14:36:20
BKPOY,'currentTradingPeriod',2025-08-08 14:36:20
CNMT,No price data,2025-08-08 14:36:25
KOYN,'currentTradingPeriod',2025-08-08 14:36:28
ELCG,'currentTradingPeriod',2025-08-08 14:36:28
SVICY,'currentTradingPeriod',2025-08-08 14:36:31
BUUU,'currentTradingPeriod',2025-08-08 14:36:32
GFCHY,'currentTradingPeriod',2025-08-08 14:36:34
STKE,'currentTradingPeriod',2025-08-08 14:36:35
ARBC,'currentTradingPeriod',2025-08-08 14:36:39
AICLY,'currentTradingPeriod',2025-08-08 14:36:40
NXFTY,'currentTradingPeriod',2025-08-08 14:36:41
MNZLY,'currentTradingPeriod',2025-08-08 14:36:44
ILPLF,'currentTradingPeriod',2025-08-08 14:36:45
SSRLY,'currentTradingPeriod',2025-08-08 14:36:50
SQEI,'currentTradingPeriod',2025-08-08 14:36:51
OTSA,'currentTradingPeriod',2025-08-08 14:36:51
CTGCY,'currentTradingPeriod',2025-08-08 14:36:56
GFTTY,'currentTradingPeriod',2025-08-08 14:36:56
GEBE,'currentTradingPeriod',2025-08-08 14:37:00
MYCRY,'currentTradingPeriod',2025-08-08 14:37:00
RPGL,'currentTradingPeriod',2025-08-08 14:37:01
PSBTY,'currentTradingPeriod',2025-08-08 14:37:04
BTFT,'currentTradingPeriod',2025-08-08 14:37:07
ECREY,'currentTradingPeriod',2025-08-08 14:37:09
CLRLY,'currentTradingPeriod',2025-08-08 14:37:10
FOFO,'currentTradingPeriod',2025-08-08 14:37:13
PASTY,'currentTradingPeriod',2025-08-08 14:37:14
MAGH,'currentTradingPeriod',2025-08-08 14:37:15
UPX,No price data,2025-08-08 14:37:17
NUTR,No price data,2025-08-08 14:37:19
RGNT,No price data,2025-08-08 14:37:24
PBRRY,'currentTradingPeriod',2025-08-08 14:37:25
INRNY,'currentTradingPeriod',2025-08-08 14:37:25
DAVI,'currentTradingPeriod',2025-08-08 14:37:26
LKSP,'currentTradingPeriod',2025-08-08 14:37:27
HYNE,'currentTradingPeriod',2025-08-08 14:37:34
ENTXW,'currentTradingPeriod',2025-08-08 14:37:35
LFS,'currentTradingPeriod',2025-08-08 14:37:35
UHP,No price data,2025-08-08 14:37:36
GGRPY,'currentTradingPeriod',2025-08-08 14:37:37
QUMS,'currentTradingPeriod',2025-08-08 14:37:44
ATHNY,'currentTradingPeriod',2025-08-08 14:37:44
FCHDF,'currentTradingPeriod',2025-08-08 14:37:44
KOKO,'currentTradingPeriod',2025-08-08 14:37:47
THPTF,'currentTradingPeriod',2025-08-08 14:39:17
CWLXF,No price data,2025-08-08 14:40:10
FSREM,'currentTradingPeriod',2025-08-08 14:40:15
FSREI,'currentTradingPeriod',2025-08-08 14:40:15
HIPOW,'currentTradingPeriod',2025-08-08 14:40:20
ALSWF,'currentTradingPeriod',2025-08-08 14:40:31
TCNCF,'currentTradingPeriod',2025-08-08 14:40:32
FTPSF,'currentTradingPeriod',2025-08-08 14:40:40
FVGPY,'currentTradingPeriod',2025-08-08 14:40:41
CTRVP,No price data,2025-08-08 14:40:46
PTCCY,'currentTradingPeriod',2025-08-08 14:40:49
XAEIU,'currentTradingPeriod',2025-08-08 14:41:01
BCAEF,'currentTradingPeriod',2025-08-08 14:41:08
BCENF,'currentTradingPeriod',2025-08-08 14:41:11
MSOGF,'currentTradingPeriod',2025-08-08 14:41:13
GELPP,'currentTradingPeriod',2025-08-08 14:41:19
EMRJF,'currentTradingPeriod',2025-08-08 14:41:25
EMRPF,'currentTradingPeriod',2025-08-08 14:41:25
LAWIL,'currentTradingPeriod',2025-08-08 14:41:31
GFRWF,'currentTradingPeriod',2025-08-08 14:41:34
RGPX,'currentTradingPeriod',2025-08-08 14:41:39
BBAAY,'currentTradingPeriod',2025-08-08 14:41:40
CSLWF,'currentTradingPeriod',2025-08-08 14:41:40
PPLOF,'currentTradingPeriod',2025-08-08 14:41:43
PRXK,'currentTradingPeriod',2025-08-08 14:42:00
TICAW,'currentTradingPeriod',2025-08-08 14:42:02
PRXA,'currentTradingPeriod',2025-08-08 14:42:02
BKPA,'currentTradingPeriod',2025-08-08 14:42:13
BRFCF,'currentTradingPeriod',2025-08-08 14:42:14
BKFOF,'currentTradingPeriod',2025-08-08 14:42:15
BKFSF,'currentTradingPeriod',2025-08-08 14:42:17
HYNLY,Too Many Requests. Rate limited. Try after a while.,2025-08-08 14:42:29
TDOMF,'currentTradingPeriod',2025-08-08 14:42:36
WBXWF,Too Many Requests. Rate limited. Try after a while.,2025-08-08 14:42:43
FSTWF,Too Many Requests. Rate limited. Try after a while.,2025-08-08 14:42:44
WELWF,Too Many Requests. Rate limited. Try after a while.,2025-08-08 14:43:03
MGNC,Too Many Requests. Rate limited. Try after a while.,2025-08-08 14:43:09
FIISP,Too Many Requests. Rate limited. Try after a while.,2025-08-08 14:43:15
HSDTW,Too Many Requests. Rate limited. Try after a while.,2025-08-08 14:43:17
IHETW,Too Many Requests. Rate limited. Try after a while.,2025-08-08 14:43:20
NCNWF,Too Many Requests. Rate limited. Try after a while.,2025-08-08 14:43:35
TOGIW,Too Many Requests. Rate limited. Try after a while.,2025-08-08 14:43:39
CLRWF,'currentTradingPeriod',2025-08-08 14:43:53
BSTT,'currentTradingPeriod',2025-08-08 14:44:04
GLEI,Too Many Requests. Rate limited. Try after a while.,2025-08-08 14:44:05
BRIPF,Too Many Requests. Rate limited. Try after a while.,2025-08-08 14:44:14
PLSAY,Too Many Requests. Rate limited. Try after a while.,2025-08-08 14:44:19
EPDU,Too Many Requests. Rate limited. Try after a while.,2025-08-08 14:44:28
FOACW,Too Many Requests. Rate limited. Try after a while.,2025-08-08 14:44:31
BSMLP,Too Many Requests. Rate limited. Try after a while.,2025-08-08 14:44:36
BHLD,Too Many Requests. Rate limited. Try after a while.,2025-08-08 14:44:42
MSTLW,Too Many Requests. Rate limited. Try after a while.,2025-08-08 14:44:43
TLGWF,Too Many Requests. Rate limited. Try after a while.,2025-08-08 14:44:47
CDAWF,Too Many Requests. Rate limited. Try after a while.,2025-08-08 14:44:54
MPLNW,Too Many Requests. Rate limited. Try after a while.,2025-08-08 14:44:54
ORIB,Too Many Requests. Rate limited. Try after a while.,2025-08-08 14:45:12
VRMWW,'currentTradingPeriod',2025-08-08 14:45:13
SKMTF,No price data,2025-08-08 14:45:17
ATLEW,'currentTradingPeriod',2025-08-08 14:45:26
QLUNF,Too Many Requests. Rate limited. Try after a while.,2025-08-08 14:45:31
GERNW,Too Many Requests. Rate limited. Try after a while.,2025-08-08 14:45:34
RDWQS,'currentTradingPeriod',2025-08-08 14:45:41
ZHIHF,'currentTradingPeriod',2025-08-08 14:45:45
NUWEW,Too Many Requests. Rate limited. Try after a while.,2025-08-08 14:45:49
GDHLF,'currentTradingPeriod',2025-08-08 14:45:54
BGFR,Too Many Requests. Rate limited. Try after a while.,2025-08-08 14:46:02
KCLHF,Too Many Requests. Rate limited. Try after a while.,2025-08-08 14:46:03
VHABW,Too Many Requests. Rate limited. Try after a while.,2025-08-08 14:46:17
TCMEF,Too Many Requests. Rate limited. Try after a while.,2025-08-08 14:46:18
PAAPU,Too Many Requests. Rate limited. Try after a while.,2025-08-08 14:46:35
WBKCY,Too Many Requests. Rate limited. Try after a while.,2025-08-08 14:46:38
LACHF,No price data,2025-08-08 14:46:46
BUHHF,Too Many Requests. Rate limited. Try after a while.,2025-08-08 14:46:47
HAIWF,Too Many Requests. Rate limited. Try after a while.,2025-08-08 14:47:01
VIIQ,Too Many Requests. Rate limited. Try after a while.,2025-08-08 14:47:03
SLMWF,Too Many Requests. Rate limited. Try after a while.,2025-08-08 14:47:12
ONFOP,Too Many Requests. Rate limited. Try after a while.,2025-08-08 14:47:15
AYWWF,'currentTradingPeriod',2025-08-08 14:47:25
GRWFF,'currentTradingPeriod',2025-08-08 14:47:26
ZNKUF,'currentTradingPeriod',2025-08-08 14:47:30
CTPUF,Too Many Requests. Rate limited. Try after a while.,2025-08-08 14:47:33
TACPF,No price data,2025-08-08 14:47:41
TRNTF,Too Many Requests. Rate limited. Try after a while.,2025-08-08 14:47:43
KUSA,Too Many Requests. Rate limited. Try after a while.,2025-08-08 14:47:57
SCXBF,Too Many Requests. Rate limited. Try after a while.,2025-08-08 14:48:04
SSPFF,No price data,2025-08-08 14:48:05
KYFGF,Too Many Requests. Rate limited. Try after a while.,2025-08-08 14:48:08
PCTBP,Too Many Requests. Rate limited. Try after a while.,2025-08-08 14:48:32
ENBSF,Too Many Requests. Rate limited. Try after a while.,2025-08-08 14:48:48
AGMWF,Too Many Requests. Rate limited. Try after a while.,2025-08-08 14:48:50
ATHNF,'currentTradingPeriod',2025-08-08 14:48:59
CTGDF,'currentTradingPeriod',2025-08-08 14:49:01
KXHCF,'currentTradingPeriod',2025-08-08 14:49:08
JTGLF,Too Many Requests. Rate limited. Try after a while.,2025-08-08 14:49:08
SFDMF,Too Many Requests. Rate limited. Try after a while.,2025-08-08 14:49:09
LTMGF,'currentTradingPeriod',2025-08-08 14:49:19
STKTF,No price data,2025-08-08 14:49:20
BTLWF,'currentTradingPeriod',2025-08-08 14:49:23
STTPF,Too Many Requests. Rate limited. Try after a while.,2025-08-08 14:49:27
DWWYF,'currentTradingPeriod',2025-08-08 14:49:33
LOMWF,'currentTradingPeriod',2025-08-08 14:49:34
AUIWF,Too Many Requests. Rate limited. Try after a while.,2025-08-08 14:49:37
